Workbook
Name income: Calculations!$B$10
Name Range_EV: Calculations!$B$9
Name range_ICE: Calculations!$B$8

Sheet About
A1: BRAaCTSC BAU Range Anxiety Shadow Cost | B1: Maine | C1: 45258
A3: Source: | B3: Median US Income
B4: United States Census Bureau
B5: 2020
B6: Income and Poverty in the United States: 2019
B7: https://www.census.gov/library/publications/2020/demo/p60-270.html
B8: First bullet of "Highlights"
B10: Range and Fueling Availability 'Costs'
B11: US Department of Energy
B12: 2013
B13: https://www.nrel.gov/docs/fy13osti/55639.pdf
B15: Gasoline vehicle range
B16: US Department of Energy
B17: 2016
B18: All-Electric Vehicle Ranges Can Exceed Those of Some Gasoline Vehicles
B19: https://www.energy.gov/eere/vehicles/fact-939-august-22-2016-all-electric-vehicle-ranges-can-exceed-those-some-gasoline
B20: First Figure
B22: EV range
B23: Inside Evs
B24: 2021
B25: The Median Range of Fully Electric Vehicles Exceeded 250 Miles in 2020
B26: https://insideevs.com/news/464449/median-range-evs-2020-exceeded-250-miles/
A28: Notes
A29: This variable represents the perceived cost of range anxiety - the fear (or inconvenience around) that
A30: the vehicle has insufficient range to reach its destination.
A32: In the US, we use a DOE study to calculate a Range Compensating Value and a Fuel Availability Value.
A33: The Range Compensating Value uses parameters from the DOE study, the median household income,
A34: and the median ranges of ICE and EV vehicles. For EV vehicles, the current median range has already surpassed
A35: 250 miles and is forecated to continue improving. Therefore, we start with today's median range, and assume
A36: the range will reach 300 miles by 2050.
A37: Currency Conversion
A38: 2019 to 2012 USD | B38: 0.89805482

Sheet Calculations
A1: Range Compensating Value
A2: b1 | B2: -0.361
A3: b2
A4: b3 | B4: 1.268
A5: b4 | B5: -0.116
B7: 2020 | C7: 2030 | D7: 2050
A8: median range ice (hundred miles) | B8: 4.12 | C8: 4.12 | D8: =B8 -> 4.12
A9: range ev (hundred miles) | B9: 2.59 | C9: 3 | D9: 4.12
A10: income (thousand USD) | B10: 68.703 | C10: =income -> 68.703 | D10: =B10 -> 68.703
A11: *2020 median range taken from historical data. 2030 and 2050 are estimated, with the 2050
A12: range roughly corresponding to today's maximum range
A14: cv (thousand USD) | B14: =($B$4/$B$2*B9*(1-B8/B9)+$B$5/$B$2*B9^2*(1-B8^2/B9^2))*LN(income)*About!$B$38 -> 7.8828464 | C14: =($B$4/$B$2*C9*(1-C8/C9)+$B$5/$B$2*C9^2*(1-C8^2/C9^2))*LN(income)*About!$B$38 -> 5.209951 | D14: =($B$4/$B$2*D9*(1-D8/D9)+$B$5/$B$2*D9^2*(1-D8^2/D9^2))*LN(income)*About!$B$38 -> 0

Sheet BRASC
A1: Cost ($/vehicle) | B1: 2020 | C1: 2021 | D1: 2022 | E1: 2023 | F1: 2024 | G1: 2025 | H1: 2026 | I1: 2027 | J1: 2028 | K1: 2029 | L1: 2030 | M1: 2031 | N1: 2032 | O1: 2033 | P1: 2034 | Q1: 2035 | R1: 2036 | S1: 2037 | T1: 2038 | U1: 2039 | V1: 2040 | W1: 2041 | X1: 2042 | Y1: 2043 | Z1: 2044 | AA1: 2045 | AB1: 2046 | AC1: 2047 | AD1: 2048 | AE1: 2049 | AF1: 2050
A2: Shadow cost | B2: {=TREND(Calculations!$B$14:$C$14,Calculations!$B$7:$C$7,B1)*1000*About!$B$38} -> 7079.2282 | C2: {=TREND(Calculations!$B$14:$C$14,Calculations!$B$7:$C$7,C1)*1000*About!$B$38} -> 6839.1875 | D2: {=TREND(Calculations!$B$14:$C$14,Calculations!$B$7:$C$7,D1)*1000*About!$B$38} -> 6599.1468 | E2: {=TREND(Calculations!$B$14:$C$14,Calculations!$B$7:$C$7,E1)*1000*About!$B$38} -> 6359.1062 | F2: {=TREND(Calculations!$B$14:$C$14,Calculations!$B$7:$C$7,F1)*1000*About!$B$38} -> 6119.0655 | G2: {=TREND(Calculations!$B$14:$C$14,Calculations!$B$7:$C$7,G1)*1000*About!$B$38} -> 5879.0249 | H2: {=TREND(Calculations!$B$14:$C$14,Calculations!$B$7:$C$7,H1)*1000*About!$B$38} -> 5638.9842 | I2: {=TREND(Calculations!$B$14:$C$14,Calculations!$B$7:$C$7,I1)*1000*About!$B$38} -> 5398.9435 | ... L2: {=TREND(Calculations!$B$14:$C$14,Calculations!$B$7:$C$7,L1)*1000*About!$B$38} -> 4678.8215 | M2: {=TREND(Calculations!$C$14:$D$14,Calculations!$C$7:$D$7,M1)*1000*About!$B$38} -> 4444.8805 | N2: {=TREND(Calculations!$C$14:$D$14,Calculations!$C$7:$D$7,N1)*1000*About!$B$38} -> 4210.9394 | O2: {=TREND(Calculations!$C$14:$D$14,Calculations!$C$7:$D$7,O1)*1000*About!$B$38} -> 3976.9983 | P2: {=TREND(Calculations!$C$14:$D$14,Calculations!$C$7:$D$7,P1)*1000*About!$B$38} -> 3743.0572 | Q2: {=TREND(Calculations!$C$14:$D$14,Calculations!$C$7:$D$7,Q1)*1000*About!$B$38} -> 3509.1162 | R2: {=TREND(Calculations!$C$14:$D$14,Calculations!$C$7:$D$7,R1)*1000*About!$B$38} -> 3275.1751 | S2: {=TREND(Calculations!$C$14:$D$14,Calculations!$C$7:$D$7,S1)*1000*About!$B$38} -> 3041.234 | T2: {=TREND(Calculations!$C$14:$D$14,Calculations!$C$7:$D$7,T1)*1000*About!$B$38} -> 2807.2929 | ... AF2: {=TREND(Calculations!$C$14:$D$14,Calculations!$C$7:$D$7,AF1)*1000*About!$B$38} -> 0
